-- phpMyAdmin SQL Dump
-- version 5.1.1
-- https://www.phpmyadmin.net/
--
-- Хост: 127.0.0.1:3306
-- Время создания: Дек 12 2022 г., 04:32
-- Версия сервера: 8.0.24
-- Версия PHP: 7.1.33

SET SQL_MODE = "NO_AUTO_VALUE_ON_ZERO";
START TRANSACTION;
SET time_zone = "+00:00";


/*!40101 SET @OLD_CHARACTER_SET_CLIENT=@@CHARACTER_SET_CLIENT */;
/*!40101 SET @OLD_CHARACTER_SET_RESULTS=@@CHARACTER_SET_RESULTS */;
/*!40101 SET @OLD_COLLATION_CONNECTION=@@COLLATION_CONNECTION */;
/*!40101 SET NAMES utf8mb4 */;

--
-- База данных: `web_project_2022`
--

-- --------------------------------------------------------

--
-- Структура таблицы `cinemas`
--

CREATE TABLE `cinemas` (
  `id` int NOT NULL,
  `name` varchar(255) CHARACTER SET utf8mb4 COLLATE utf8mb4_unicode_ci NOT NULL,
  `address` varchar(255) CHARACTER SET utf8mb4 COLLATE utf8mb4_unicode_ci NOT NULL
) ENGINE=InnoDB DEFAULT CHARSET=utf8mb4 COLLATE=utf8mb4_0900_ai_ci;

--
-- Дамп данных таблицы `cinemas`
--

INSERT INTO `cinemas` (`id`, `name`, `address`) VALUES
(1, 'Cinema 5 Эспланада', 'г. Пермь, ул. Петропавловская, д. 73А'),
(2, 'Киномакс', 'г. Пермь, ул. Мира, 41, ТРК «Столица», 2 этаж'),
(3, 'Киноцентр Премьер', 'г. Пермь, ул. Пионерская, 17'),
(4, 'Родина', 'г. Пермь, Вильямса, 1'),
(5, 'Синема Парк Колизей', 'г. Пермь, ул. Куйбышева, 16, ТРК «Колизей CINEMA»'),
(6, 'Синема Парк Кристалл IMAX', 'г. Пермь, Комсомольский просп., 53'),
(7, 'Синема Парк Планета', 'г. Пермь, ш. Космонавтов, 162б, ТРЦ «Планета»'),
(8, 'Синема Парк СемьЯ', 'г. Пермь, ул. Революции, 17, ТРК «СемьЯ», 3 этаж'),
(9, 'Спеши Love', 'г. Пермь, ул. Спешилова, 114.');

-- --------------------------------------------------------

--
-- Структура таблицы `clients`
--

CREATE TABLE `clients` (
  `id` int NOT NULL,
  `email` varchar(255) CHARACTER SET utf8mb4 COLLATE utf8mb4_unicode_ci NOT NULL
) ENGINE=InnoDB DEFAULT CHARSET=utf8mb4 COLLATE=utf8mb4_0900_ai_ci;

-- --------------------------------------------------------

--
-- Структура таблицы `clients_orders`
--

CREATE TABLE `clients_orders` (
  `id` int NOT NULL,
  `client_id` int NOT NULL,
  `film_session_id` int NOT NULL,
  `source` varchar(255) CHARACTER SET utf8mb4 COLLATE utf8mb4_unicode_ci NOT NULL,
  `tickets_purchased` int NOT NULL,
  `expended` int NOT NULL
) ENGINE=InnoDB DEFAULT CHARSET=utf8mb4 COLLATE=utf8mb4_0900_ai_ci;

-- --------------------------------------------------------

--
-- Структура таблицы `films`
--

CREATE TABLE `films` (
  `id` int NOT NULL,
  `name` varchar(255) CHARACTER SET utf8mb4 COLLATE utf8mb4_unicode_ci NOT NULL,
  `year` year NOT NULL,
  `country` varchar(255) CHARACTER SET utf8mb4 COLLATE utf8mb4_unicode_ci NOT NULL,
  `tags` varchar(255) CHARACTER SET utf8mb4 COLLATE utf8mb4_unicode_ci NOT NULL
) ENGINE=InnoDB DEFAULT CHARSET=utf8mb4 COLLATE=utf8mb4_0900_ai_ci;

--
-- Дамп данных таблицы `films`
--

INSERT INTO `films` (`id`, `name`, `year`, `country`, `tags`) VALUES
(1, 'Ёлки 9', 2022, 'Россия', 'комедия'),
(2, 'На ощупь', 2022, 'Россия', 'драма, триллер'),
(3, 'Покерфейс', 2022, 'США', 'триллер'),
(4, 'Призраки прошлого', 2022, 'США', 'ужасы'),
(5, 'LOL. Surprise! Фильм', 2021, 'США', 'боевик, анимация, семейный'),
(8, 'Новогодний переполох', 2017, 'Россия', 'комедия, семейный'),
(9, 'Новогодний переполох', 2014, 'Нидерланды / Бельгия', 'анимация'),
(10, 'Петр I: Последний царь и первый император', 2022, 'Россия', 'исторический, документальный'),
(12, 'Приключения Тедди', 2022, 'Норвегия', 'семейный'),
(13, 'Сердце пармы', 2022, 'Россия', 'исторический, драма'),
(14, 'Тайный Санта', 2022, 'Россия', 'мелодрама, комедия'),
(15, 'Тень. Взять Гордея', 2022, 'Россия', 'детектив, триллер'),
(16, 'Чинк: Хвостатый детектив ', 2022, 'Россия', 'комедия, приключения, детектив, семейный'),
(17, 'Приплыли!', 2022, 'Россия', 'комедия'),
(19, 'Умная Маша', 2022, 'Россия', 'комедия'),
(21, 'Заклятье: 13-й этаж', 2022, 'Индонезия', 'драма, ужасы, детектив'),
(26, 'Большой золотой слиток', 2022, 'США', 'комедия, фэнтези');

-- --------------------------------------------------------

--
-- Структура таблицы `films_sessions`
--

CREATE TABLE `films_sessions` (
  `id` int NOT NULL,
  `cinema_id` int NOT NULL,
  `film_id` int NOT NULL,
  `start_date` varchar(5) NOT NULL,
  `tickets_number` int NOT NULL DEFAULT '50',
  `ticket_price` int NOT NULL
) ENGINE=InnoDB DEFAULT CHARSET=utf8mb4 COLLATE=utf8mb4_0900_ai_ci;

--
-- Дамп данных таблицы `films_sessions`
--

INSERT INTO `films_sessions` (`id`, `cinema_id`, `film_id`, `start_date`, `tickets_number`, `ticket_price`) VALUES
(1, 1, 1, '23:00', 50, 340),
(2, 1, 1, '23:45', 50, 340),
(3, 1, 1, '23:25', 50, 390),
(4, 1, 1, '23:10', 50, 340),
(5, 1, 2, '23:00', 50, 340),
(6, 1, 2, '23:45', 50, 340),
(7, 1, 2, '23:25', 50, 390),
(8, 1, 2, '23:10', 50, 340),
(9, 1, 3, '23:00', 50, 340),
(10, 1, 3, '23:45', 50, 340),
(11, 1, 3, '23:25', 50, 390),
(12, 1, 3, '23:10', 50, 340),
(13, 1, 4, '23:00', 50, 340),
(14, 1, 4, '23:45', 50, 340),
(15, 1, 4, '23:25', 50, 390),
(16, 1, 4, '23:10', 50, 340),
(17, 2, 5, '10:30', 50, 150),
(18, 2, 5, '10:20', 50, 150),
(19, 2, 5, '11:40', 50, 170),
(20, 2, 5, '12:40', 50, 170),
(21, 2, 5, '15:00', 50, 170),
(22, 2, 5, '17:20', 50, 170),
(23, 2, 5, '19:40', 50, 170),
(24, 2, 5, '20:20', 50, 170),
(25, 2, 5, '22:30', 50, 170),
(26, 2, 5, '16:10', 50, 170),
(27, 2, 5, '11:50', 50, 170),
(28, 2, 5, '11:50', 50, 170),
(29, 2, 5, '16:50', 50, 170),
(30, 2, 5, '22:00', 50, 170),
(31, 2, 5, '14:10', 50, 170),
(32, 2, 5, '18:00', 50, 170),
(33, 2, 5, '10:50', 50, 150),
(34, 2, 5, '13:30', 50, 170),
(35, 2, 5, '19:10', 50, 170),
(36, 2, 5, '21:50', 50, 170),
(37, 2, 5, '16:00', 50, 170),
(38, 2, 5, '19:50', 50, 170),
(39, 2, 5, '22:40', 50, 170),
(40, 2, 5, '18:10', 50, 170),
(41, 2, 5, '14:00', 50, 170),
(42, 2, 1, '10:30', 50, 150),
(43, 2, 1, '10:20', 50, 150),
(44, 2, 1, '11:40', 50, 170),
(45, 2, 1, '12:40', 50, 170),
(46, 2, 1, '15:00', 50, 170),
(47, 2, 1, '17:20', 50, 170),
(48, 2, 1, '19:40', 50, 170),
(49, 2, 1, '20:20', 50, 170),
(50, 2, 1, '22:30', 50, 170),
(51, 2, 1, '16:10', 50, 170),
(52, 2, 1, '11:50', 50, 170),
(53, 2, 1, '11:50', 50, 170),
(54, 2, 1, '16:50', 50, 170),
(55, 2, 1, '22:00', 50, 170),
(56, 2, 1, '14:10', 50, 170),
(57, 2, 1, '18:00', 50, 170),
(58, 2, 1, '10:50', 50, 150),
(59, 2, 1, '13:30', 50, 170),
(60, 2, 1, '19:10', 50, 170),
(61, 2, 1, '21:50', 50, 170),
(62, 2, 1, '16:00', 50, 170),
(63, 2, 1, '19:50', 50, 170),
(64, 2, 1, '22:40', 50, 170),
(65, 2, 1, '18:10', 50, 170),
(66, 2, 1, '14:00', 50, 170),
(67, 2, 2, '10:30', 50, 150),
(68, 2, 2, '10:20', 50, 150),
(69, 2, 2, '11:40', 50, 170),
(70, 2, 2, '12:40', 50, 170),
(71, 2, 2, '15:00', 50, 170),
(72, 2, 2, '17:20', 50, 170),
(73, 2, 2, '19:40', 50, 170),
(74, 2, 2, '20:20', 50, 170),
(75, 2, 2, '22:30', 50, 170),
(76, 2, 2, '16:10', 50, 170),
(77, 2, 2, '11:50', 50, 170),
(78, 2, 2, '11:50', 50, 170),
(79, 2, 2, '16:50', 50, 170),
(80, 2, 2, '22:00', 50, 170),
(81, 2, 2, '14:10', 50, 170),
(82, 2, 2, '18:00', 50, 170),
(83, 2, 2, '10:50', 50, 150),
(84, 2, 2, '13:30', 50, 170),
(85, 2, 2, '19:10', 50, 170),
(86, 2, 2, '21:50', 50, 170),
(87, 2, 2, '16:00', 50, 170),
(88, 2, 2, '19:50', 50, 170),
(89, 2, 2, '22:40', 50, 170),
(90, 2, 2, '18:10', 50, 170),
(91, 2, 2, '14:00', 50, 170),
(92, 2, 8, '10:30', 50, 150),
(93, 2, 8, '10:20', 50, 150),
(94, 2, 8, '11:40', 50, 170),
(95, 2, 8, '12:40', 50, 170),
(96, 2, 8, '15:00', 50, 170),
(97, 2, 8, '17:20', 50, 170),
(98, 2, 8, '19:40', 50, 170),
(99, 2, 8, '20:20', 50, 170),
(100, 2, 8, '22:30', 50, 170),
(101, 2, 8, '16:10', 50, 170),
(102, 2, 8, '11:50', 50, 170),
(103, 2, 8, '11:50', 50, 170),
(104, 2, 8, '16:50', 50, 170),
(105, 2, 8, '22:00', 50, 170),
(106, 2, 8, '14:10', 50, 170),
(107, 2, 8, '18:00', 50, 170),
(108, 2, 8, '10:50', 50, 150),
(109, 2, 8, '13:30', 50, 170),
(110, 2, 8, '19:10', 50, 170),
(111, 2, 8, '21:50', 50, 170),
(112, 2, 8, '16:00', 50, 170),
(113, 2, 8, '19:50', 50, 170),
(114, 2, 8, '22:40', 50, 170),
(115, 2, 8, '18:10', 50, 170),
(116, 2, 8, '14:00', 50, 170),
(117, 2, 9, '10:30', 50, 150),
(118, 2, 9, '10:20', 50, 150),
(119, 2, 9, '11:40', 50, 170),
(120, 2, 9, '12:40', 50, 170),
(121, 2, 9, '15:00', 50, 170),
(122, 2, 9, '17:20', 50, 170),
(123, 2, 9, '19:40', 50, 170),
(124, 2, 9, '20:20', 50, 170),
(125, 2, 9, '22:30', 50, 170),
(126, 2, 9, '16:10', 50, 170),
(127, 2, 9, '11:50', 50, 170),
(128, 2, 9, '11:50', 50, 170),
(129, 2, 9, '16:50', 50, 170),
(130, 2, 9, '22:00', 50, 170),
(131, 2, 9, '14:10', 50, 170),
(132, 2, 9, '18:00', 50, 170),
(133, 2, 9, '10:50', 50, 150),
(134, 2, 9, '13:30', 50, 170),
(135, 2, 9, '19:10', 50, 170),
(136, 2, 9, '21:50', 50, 170),
(137, 2, 9, '16:00', 50, 170),
(138, 2, 9, '19:50', 50, 170),
(139, 2, 9, '22:40', 50, 170),
(140, 2, 9, '18:10', 50, 170),
(141, 2, 9, '14:00', 50, 170),
(142, 2, 10, '10:30', 50, 150),
(143, 2, 10, '10:20', 50, 150),
(144, 2, 10, '11:40', 50, 170),
(145, 2, 10, '12:40', 50, 170),
(146, 2, 10, '15:00', 50, 170),
(147, 2, 10, '17:20', 50, 170),
(148, 2, 10, '19:40', 50, 170),
(149, 2, 10, '20:20', 50, 170),
(150, 2, 10, '22:30', 50, 170),
(151, 2, 10, '16:10', 50, 170),
(152, 2, 10, '11:50', 50, 170),
(153, 2, 10, '11:50', 50, 170),
(154, 2, 10, '16:50', 50, 170),
(155, 2, 10, '22:00', 50, 170),
(156, 2, 10, '14:10', 50, 170),
(157, 2, 10, '18:00', 50, 170),
(158, 2, 10, '10:50', 50, 150),
(159, 2, 10, '13:30', 50, 170),
(160, 2, 10, '19:10', 50, 170),
(161, 2, 10, '21:50', 50, 170),
(162, 2, 10, '16:00', 50, 170),
(163, 2, 10, '19:50', 50, 170),
(164, 2, 10, '22:40', 50, 170),
(165, 2, 10, '18:10', 50, 170),
(166, 2, 10, '14:00', 50, 170),
(167, 2, 4, '10:30', 50, 150),
(168, 2, 4, '10:20', 50, 150),
(169, 2, 4, '11:40', 50, 170),
(170, 2, 4, '12:40', 50, 170),
(171, 2, 4, '15:00', 50, 170),
(172, 2, 4, '17:20', 50, 170),
(173, 2, 4, '19:40', 50, 170),
(174, 2, 4, '20:20', 50, 170),
(175, 2, 4, '22:30', 50, 170),
(176, 2, 4, '16:10', 50, 170),
(177, 2, 4, '11:50', 50, 170),
(178, 2, 4, '11:50', 50, 170),
(179, 2, 4, '16:50', 50, 170),
(180, 2, 4, '22:00', 50, 170),
(181, 2, 4, '14:10', 50, 170),
(182, 2, 4, '18:00', 50, 170),
(183, 2, 4, '10:50', 50, 150),
(184, 2, 4, '13:30', 50, 170),
(185, 2, 4, '19:10', 50, 170),
(186, 2, 4, '21:50', 50, 170),
(187, 2, 4, '16:00', 50, 170),
(188, 2, 4, '19:50', 50, 170),
(189, 2, 4, '22:40', 50, 170),
(190, 2, 4, '18:10', 50, 170),
(191, 2, 4, '14:00', 50, 170),
(192, 2, 12, '10:30', 50, 150),
(193, 2, 12, '10:20', 50, 150),
(194, 2, 12, '11:40', 50, 170),
(195, 2, 12, '12:40', 50, 170),
(196, 2, 12, '15:00', 50, 170),
(197, 2, 12, '17:20', 50, 170),
(198, 2, 12, '19:40', 50, 170),
(199, 2, 12, '20:20', 50, 170),
(200, 2, 12, '22:30', 50, 170),
(201, 2, 12, '16:10', 50, 170),
(202, 2, 12, '11:50', 50, 170),
(203, 2, 12, '11:50', 50, 170),
(204, 2, 12, '16:50', 50, 170),
(205, 2, 12, '22:00', 50, 170),
(206, 2, 12, '14:10', 50, 170),
(207, 2, 12, '18:00', 50, 170),
(208, 2, 12, '10:50', 50, 150),
(209, 2, 12, '13:30', 50, 170),
(210, 2, 12, '19:10', 50, 170),
(211, 2, 12, '21:50', 50, 170),
(212, 2, 12, '16:00', 50, 170),
(213, 2, 12, '19:50', 50, 170),
(214, 2, 12, '22:40', 50, 170),
(215, 2, 12, '18:10', 50, 170),
(216, 2, 12, '14:00', 50, 170),
(217, 2, 13, '10:30', 50, 150),
(218, 2, 13, '10:20', 50, 150),
(219, 2, 13, '11:40', 50, 170),
(220, 2, 13, '12:40', 50, 170),
(221, 2, 13, '15:00', 50, 170),
(222, 2, 13, '17:20', 50, 170),
(223, 2, 13, '19:40', 50, 170),
(224, 2, 13, '20:20', 50, 170),
(225, 2, 13, '22:30', 50, 170),
(226, 2, 13, '16:10', 50, 170),
(227, 2, 13, '11:50', 50, 170),
(228, 2, 13, '11:50', 50, 170),
(229, 2, 13, '16:50', 50, 170),
(230, 2, 13, '22:00', 50, 170),
(231, 2, 13, '14:10', 50, 170),
(232, 2, 13, '18:00', 50, 170),
(233, 2, 13, '10:50', 50, 150),
(234, 2, 13, '13:30', 50, 170),
(235, 2, 13, '19:10', 50, 170),
(236, 2, 13, '21:50', 50, 170),
(237, 2, 13, '16:00', 50, 170),
(238, 2, 13, '19:50', 50, 170),
(239, 2, 13, '22:40', 50, 170),
(240, 2, 13, '18:10', 50, 170),
(241, 2, 13, '14:00', 50, 170),
(242, 2, 14, '10:30', 50, 150),
(243, 2, 14, '10:20', 50, 150),
(244, 2, 14, '11:40', 50, 170),
(245, 2, 14, '12:40', 50, 170),
(246, 2, 14, '15:00', 50, 170),
(247, 2, 14, '17:20', 50, 170),
(248, 2, 14, '19:40', 50, 170),
(249, 2, 14, '20:20', 50, 170),
(250, 2, 14, '22:30', 50, 170),
(251, 2, 14, '16:10', 50, 170),
(252, 2, 14, '11:50', 50, 170),
(253, 2, 14, '11:50', 50, 170),
(254, 2, 14, '16:50', 50, 170),
(255, 2, 14, '22:00', 50, 170),
(256, 2, 14, '14:10', 50, 170),
(257, 2, 14, '18:00', 50, 170),
(258, 2, 14, '10:50', 50, 150),
(259, 2, 14, '13:30', 50, 170),
(260, 2, 14, '19:10', 50, 170),
(261, 2, 14, '21:50', 50, 170),
(262, 2, 14, '16:00', 50, 170),
(263, 2, 14, '19:50', 50, 170),
(264, 2, 14, '22:40', 50, 170),
(265, 2, 14, '18:10', 50, 170),
(266, 2, 14, '14:00', 50, 170),
(267, 2, 15, '10:30', 50, 150),
(268, 2, 15, '10:20', 50, 150),
(269, 2, 15, '11:40', 50, 170),
(270, 2, 15, '12:40', 50, 170),
(271, 2, 15, '15:00', 50, 170),
(272, 2, 15, '17:20', 50, 170),
(273, 2, 15, '19:40', 50, 170),
(274, 2, 15, '20:20', 50, 170),
(275, 2, 15, '22:30', 50, 170),
(276, 2, 15, '16:10', 50, 170),
(277, 2, 15, '11:50', 50, 170),
(278, 2, 15, '11:50', 50, 170),
(279, 2, 15, '16:50', 50, 170),
(280, 2, 15, '22:00', 50, 170),
(281, 2, 15, '14:10', 50, 170),
(282, 2, 15, '18:00', 50, 170),
(283, 2, 15, '10:50', 50, 150),
(284, 2, 15, '13:30', 50, 170),
(285, 2, 15, '19:10', 50, 170),
(286, 2, 15, '21:50', 50, 170),
(287, 2, 15, '16:00', 50, 170),
(288, 2, 15, '19:50', 50, 170),
(289, 2, 15, '22:40', 50, 170),
(290, 2, 15, '18:10', 50, 170),
(291, 2, 15, '14:00', 50, 170),
(292, 2, 16, '10:30', 50, 150),
(293, 2, 16, '10:20', 50, 150),
(294, 2, 16, '11:40', 50, 170),
(295, 2, 16, '12:40', 50, 170),
(296, 2, 16, '15:00', 50, 170),
(297, 2, 16, '17:20', 50, 170),
(298, 2, 16, '19:40', 50, 170),
(299, 2, 16, '20:20', 50, 170),
(300, 2, 16, '22:30', 50, 170),
(301, 2, 16, '16:10', 50, 170),
(302, 2, 16, '11:50', 50, 170),
(303, 2, 16, '11:50', 50, 170),
(304, 2, 16, '16:50', 50, 170),
(305, 2, 16, '22:00', 50, 170),
(306, 2, 16, '14:10', 50, 170),
(307, 2, 16, '18:00', 50, 170),
(308, 2, 16, '10:50', 50, 150),
(309, 2, 16, '13:30', 50, 170),
(310, 2, 16, '19:10', 50, 170),
(311, 2, 16, '21:50', 50, 170),
(312, 2, 16, '16:00', 50, 170),
(313, 2, 16, '19:50', 50, 170),
(314, 2, 16, '22:40', 50, 170),
(315, 2, 16, '18:10', 50, 170),
(316, 2, 16, '14:00', 50, 170),
(317, 3, 17, '12:20', 50, 300),
(318, 3, 17, '14:00', 50, 300),
(319, 3, 17, '14:20', 50, 300),
(320, 3, 17, '18:20', 50, 300),
(321, 3, 13, '12:20', 50, 300),
(322, 3, 13, '14:00', 50, 300),
(323, 3, 13, '14:20', 50, 300),
(324, 3, 13, '18:20', 50, 300),
(325, 3, 19, '12:20', 50, 300),
(326, 3, 19, '14:00', 50, 300),
(327, 3, 19, '14:20', 50, 300),
(328, 3, 19, '18:20', 50, 300),
(329, 5, 1, '23:45', 50, 350),
(330, 5, 1, '23:00', 50, 340),
(331, 5, 1, '23:40', 50, 340),
(332, 5, 21, '23:45', 50, 350),
(333, 5, 21, '23:00', 50, 340),
(334, 5, 21, '23:40', 50, 340),
(335, 5, 4, '23:45', 50, 350),
(336, 5, 4, '23:00', 50, 340),
(337, 5, 4, '23:40', 50, 340),
(338, 6, 1, '23:30', 50, 350),
(339, 6, 1, '23:00', 50, 340),
(340, 6, 2, '23:30', 50, 350),
(341, 6, 2, '23:00', 50, 340),
(342, 7, 1, '23:20', 50, 360),
(343, 7, 1, '23:25', 50, 350),
(344, 7, 1, '23:30', 50, 350),
(345, 7, 1, '23:10', 50, 360),
(346, 7, 1, '23:35', 50, 360),
(347, 7, 26, '23:20', 50, 360),
(348, 7, 26, '23:25', 50, 350),
(349, 7, 26, '23:30', 50, 350),
(350, 7, 26, '23:10', 50, 360),
(351, 7, 26, '23:35', 50, 360),
(352, 7, 21, '23:20', 50, 360),
(353, 7, 21, '23:25', 50, 350),
(354, 7, 21, '23:30', 50, 350),
(355, 7, 21, '23:10', 50, 360),
(356, 7, 21, '23:35', 50, 360),
(357, 7, 13, '23:20', 50, 360),
(358, 7, 13, '23:25', 50, 350),
(359, 7, 13, '23:30', 50, 350),
(360, 7, 13, '23:10', 50, 360),
(361, 7, 13, '23:35', 50, 360),
(362, 7, 14, '23:20', 50, 360),
(363, 7, 14, '23:25', 50, 350),
(364, 7, 14, '23:30', 50, 350),
(365, 7, 14, '23:10', 50, 360),
(366, 7, 14, '23:35', 50, 360),
(367, 8, 1, '23:10', 50, 350),
(368, 8, 1, '23:20', 50, 340),
(369, 8, 1, '23:45', 50, 340),
(370, 8, 1, '23:40', 50, 350),
(371, 8, 26, '23:10', 50, 350),
(372, 8, 26, '23:20', 50, 340),
(373, 8, 26, '23:45', 50, 340),
(374, 8, 26, '23:40', 50, 350),
(375, 8, 21, '23:10', 50, 350),
(376, 8, 21, '23:20', 50, 340),
(377, 8, 21, '23:45', 50, 340),
(378, 8, 21, '23:40', 50, 350),
(379, 8, 14, '23:10', 50, 350),
(380, 8, 14, '23:20', 50, 340),
(381, 8, 14, '23:45', 50, 340),
(382, 8, 14, '23:40', 50, 350),
(383, 9, 1, '23:30', 50, 350),
(384, 9, 1, '23:45', 50, 350),
(385, 9, 2, '23:30', 50, 350),
(386, 9, 2, '23:45', 50, 350);

--
-- Индексы сохранённых таблиц
--

--
-- Индексы таблицы `cinemas`
--
ALTER TABLE `cinemas`
  ADD PRIMARY KEY (`id`),
  ADD UNIQUE KEY `name` (`name`,`address`);

--
-- Индексы таблицы `clients`
--
ALTER TABLE `clients`
  ADD PRIMARY KEY (`id`),
  ADD UNIQUE KEY `email` (`email`);

--
-- Индексы таблицы `clients_orders`
--
ALTER TABLE `clients_orders`
  ADD PRIMARY KEY (`id`);

--
-- Индексы таблицы `films`
--
ALTER TABLE `films`
  ADD PRIMARY KEY (`id`),
  ADD UNIQUE KEY `name` (`name`,`country`,`year`);

--
-- Индексы таблицы `films_sessions`
--
ALTER TABLE `films_sessions`
  ADD PRIMARY KEY (`id`),
  ADD KEY `cinema_id` (`cinema_id`),
  ADD KEY `film_id` (`film_id`);

--
-- AUTO_INCREMENT для сохранённых таблиц
--

--
-- AUTO_INCREMENT для таблицы `cinemas`
--
ALTER TABLE `cinemas`
  MODIFY `id` int NOT NULL AUTO_INCREMENT, AUTO_INCREMENT=19;

--
-- AUTO_INCREMENT для таблицы `clients`
--
ALTER TABLE `clients`
  MODIFY `id` int NOT NULL AUTO_INCREMENT;

--
-- AUTO_INCREMENT для таблицы `clients_orders`
--
ALTER TABLE `clients_orders`
  MODIFY `id` int NOT NULL AUTO_INCREMENT;

--
-- AUTO_INCREMENT для таблицы `films`
--
ALTER TABLE `films`
  MODIFY `id` int NOT NULL AUTO_INCREMENT, AUTO_INCREMENT=36;

--
-- AUTO_INCREMENT для таблицы `films_sessions`
--
ALTER TABLE `films_sessions`
  MODIFY `id` int NOT NULL AUTO_INCREMENT, AUTO_INCREMENT=387;

--
-- Ограничения внешнего ключа сохраненных таблиц
--

--
-- Ограничения внешнего ключа таблицы `films_sessions`
--
ALTER TABLE `films_sessions`
  ADD CONSTRAINT `films_sessions_ibfk_1` FOREIGN KEY (`cinema_id`) REFERENCES `cinemas` (`id`) ON DELETE CASCADE ON UPDATE CASCADE,
  ADD CONSTRAINT `films_sessions_ibfk_2` FOREIGN KEY (`film_id`) REFERENCES `films` (`id`) ON DELETE CASCADE ON UPDATE CASCADE;
COMMIT;

/*!40101 SET CHARACTER_SET_CLIENT=@OLD_CHARACTER_SET_CLIENT */;
/*!40101 SET CHARACTER_SET_RESULTS=@OLD_CHARACTER_SET_RESULTS */;
/*!40101 SET COLLATION_CONNECTION=@OLD_COLLATION_CONNECTION */;
